-- phpMyAdmin SQL Dump
-- version 4.6.6
-- https://www.phpmyadmin.net/
--
-- Host: localhost
-- Generation Time: May 31, 2017 at 02:48 AM
-- Server version: 5.7.17-log
-- PHP Version: 5.6.30

SET SQL_MODE = "NO_AUTO_VALUE_ON_ZERO";
SET time_zone = "+00:00";


/*!40101 SET @OLD_CHARACTER_SET_CLIENT=@@CHARACTER_SET_CLIENT */;
/*!40101 SET @OLD_CHARACTER_SET_RESULTS=@@CHARACTER_SET_RESULTS */;
/*!40101 SET @OLD_COLLATION_CONNECTION=@@COLLATION_CONNECTION */;
/*!40101 SET NAMES utf8mb4 */;

--
-- Database: `eq_estimate`
--

-- --------------------------------------------------------

--
-- Table structure for table `assessor`
--

CREATE TABLE `assessor` (
  `As_id` int(5) NOT NULL,
  `As_name` varchar(50) COLLATE utf32_unicode_ci DEFAULT NULL,
  `As_surname` varchar(50) COLLATE utf32_unicode_ci DEFAULT NULL,
  `As_type` varchar(30) COLLATE utf32_unicode_ci NOT NULL
) ENGINE=InnoDB DEFAULT CHARSET=utf32 COLLATE=utf32_unicode_ci;

--
-- Dumping data for table `assessor`
--

INSERT INTO `assessor` (`As_id`, `As_name`, `As_surname`, `As_type`) VALUES
(1, '', '', 'ครูประจำชั้น'),
(2, '', '', 'ผู้ปกครอง'),
(3, '', '', 'ครูประจำชั้น'),
(4, 'ประดิษฐ์', 'พิทักษ์เสถียรกุล', 'ผู้ปกครอง');

-- --------------------------------------------------------

--
-- Table structure for table `classroom`
--

CREATE TABLE `classroom` (
  `class_id` int(4) NOT NULL,
  `class_grade` varchar(20) COLLATE utf32_unicode_ci NOT NULL COMMENT 'ระดับชั้น',
  `class_number` int(2) NOT NULL COMMENT 'เลขที่ห้อง',
  `class_status` int(1) NOT NULL COMMENT 'สถานะห้องเรียน'
) ENGINE=InnoDB DEFAULT CHARSET=utf32 COLLATE=utf32_unicode_ci COMMENT='ห้องเรียน';

--
-- Dumping data for table `classroom`
--

INSERT INTO `classroom` (`class_id`, `class_grade`, `class_number`, `class_status`) VALUES
(0, 'ไม่ระบุ', 0, 1),
(1, 'อนุบาลปีที่ 1', 1, 1),
(2, 'อนุบาลปีที่ 1', 2, 1),
(3, 'อนุบาลปีที่ 1', 3, 1),
(4, 'อนุบาลปีที่ 2', 1, 1),
(5, 'อนุบาลปีที่ 2', 2, 1),
(6, 'อนุบาลปีที่ 3', 1, 1),
(7, 'อนุบาลปีที่ 3', 2, 1),
(8, 'ประถมศึกษาปีที่ 1', 1, 1),
(9, 'ประถมศึกษาปีที่ 2', 1, 1),
(10, 'ประถมศึกษาปีที่ 3', 1, 1),
(11, 'ประถมศึกษาปีที่ 4', 1, 1),
(12, 'ประถมศึกษาปีที่ 5', 1, 1),
(13, 'ประถมศึกษาปีที่ 6', 1, 1);

-- --------------------------------------------------------

--
-- Table structure for table `estimate_score`
--

CREATE TABLE `estimate_score` (
  `Ess_id` int(7) NOT NULL,
  `Es_score` int(3) NOT NULL,
  `Sg_id` int(1) NOT NULL,
  `Es_id` int(5) NOT NULL
) ENGINE=InnoDB DEFAULT CHARSET=utf32 COLLATE=utf32_unicode_ci;

--
-- Dumping data for table `estimate_score`
--

INSERT INTO `estimate_score` (`Ess_id`, `Es_score`, `Sg_id`, `Es_id`) VALUES
(1, 0, 1, 1),
(2, 0, 2, 1),
(3, 0, 3, 1),
(4, 0, 4, 1),
(5, 0, 5, 1),
(6, 0, 6, 1),
(7, 0, 7, 1),
(8, 0, 8, 1),
(9, 0, 9, 1),
(10, 0, 1, 2),
(11, 0, 2, 2),
(12, 0, 3, 2),
(13, 0, 4, 2),
(14, 0, 5, 2),
(15, 0, 6, 2),
(16, 0, 7, 2),
(17, 0, 8, 2),
(18, 0, 9, 2),
(19, 0, 1, 3),
(20, 0, 2, 3),
(21, 0, 3, 3),
(22, 0, 4, 3),
(23, 0, 5, 3),
(24, 0, 6, 3),
(25, 0, 7, 3),
(26, 0, 8, 3),
(27, 0, 9, 3),
(28, 27, 1, 4),
(29, 36, 2, 4),
(30, 28, 3, 4),
(31, 28, 4, 4),
(32, 24, 5, 4),
(33, 20, 6, 4),
(34, 24, 7, 4),
(35, 24, 8, 4),
(36, 24, 9, 4);

-- --------------------------------------------------------

--
-- Table structure for table `estimate_time`
--

CREATE TABLE `estimate_time` (
  `Es_id` int(5) NOT NULL,
  `Es_year` int(4) NOT NULL,
  `Es_term` int(1) NOT NULL,
  `Std_no` int(12) NOT NULL,
  `As_id` int(5) NOT NULL
) ENGINE=InnoDB DEFAULT CHARSET=utf32 COLLATE=utf32_unicode_ci;

--
-- Dumping data for table `estimate_time`
--

INSERT INTO `estimate_time` (`Es_id`, `Es_year`, `Es_term`, `Std_no`, `As_id`) VALUES
(1, 2559, 2, 2, 1),
(2, 2559, 2, 2, 2),
(3, 2559, 2, 228, 3),
(4, 2559, 2, 228, 4);

-- --------------------------------------------------------

--
-- Table structure for table `score_group`
--

CREATE TABLE `score_group` (
  `Sg_id` int(1) NOT NULL,
  `Sg_name` varchar(20) COLLATE utf32_unicode_ci NOT NULL
) ENGINE=InnoDB DEFAULT CHARSET=utf32 COLLATE=utf32_unicode_ci COMMENT='กลุ่มของคะแนน';

--
-- Dumping data for table `score_group`
--

INSERT INTO `score_group` (`Sg_id`, `Sg_name`) VALUES
(1, 'ควบคุมอารมณ์'),
(2, 'ใส่ใจและเข้าใจอารมณ์'),
(3, 'ยอมรับถูกผิด'),
(4, 'มุ่งมั่นพยายาม'),
(5, 'ปรับตัวต่อปัญหา'),
(6, 'กล้าแสดงออก'),
(7, 'พอใจในตนเอง'),
(8, 'รู้จักปรับใจ'),
(9, 'รื่นเริงเบิกบาน');

-- --------------------------------------------------------

--
-- Table structure for table `student`
--

CREATE TABLE `student` (
  `Std_no` int(11) NOT NULL,
  `Std_id` varchar(14) COLLATE utf32_unicode_ci NOT NULL,
  `Std_name` varchar(50) COLLATE utf32_unicode_ci NOT NULL,
  `Std_surname` varchar(50) COLLATE utf32_unicode_ci NOT NULL,
  `Std_age` int(2) NOT NULL,
  `Std_gender` int(1) NOT NULL
) ENGINE=InnoDB DEFAULT CHARSET=utf32 COLLATE=utf32_unicode_ci;

--
-- Dumping data for table `student`
--

INSERT INTO `student` (`Std_no`, `Std_id`, `Std_name`, `Std_surname`, `Std_age`, `Std_gender`) VALUES
(2, '1250101833195', 'ตรีทิพย์', 'เหมือนกรุด', 3, 1),
(3, '1250101847722', 'พิมชญา', 'โพธิ์ศรี', 3, 2),
(4, '1250101847731', 'พิชยภา', 'โพธิ์ศรี', 3, 2),
(5, '1250101839797', 'พิชยา', 'นวลจันทร์', 3, 2),
(6, '1250101852521', 'จารุกฤษฎิ์', 'สุภรณ์ไพจิต', 3, 2),
(7, '1250101855920', 'ชลกร', 'เหมเพ็ชร', 3, 2),
(8, '1250101845053', 'สัณห์พิชญ์', 'บุญเกิด', 3, 2),
(9, '1250101841261', 'ภวินท์ภัทร', 'แป้นเกตุ', 3, 2),
(10, '1250101830161', 'พิชญะ', 'สอนศรี', 3, 2),
(11, '1104200873157', 'ธัญญามาศ', 'ประยงค์หอม', 3, 2),
(12, '1250101851061', 'นิชาภา', 'อู่แก้ว', 3, 2),
(13, '1103500118035', 'ปัณณทัต', 'ปัตตาเคนัง', 3, 2),
(14, '1250101831125', 'รัชกฤต', 'อิ่มคุ้ม', 3, 2),
(15, '1250101830447', 'จตุรภัทร', 'พรไพบูลย์', 3, 2),
(16, '1250101849164', 'ชนัญญา', 'บุญสวัสดิ์', 3, 2),
(17, '1250101850987', 'สุธรรม', 'เดชสุภา', 3, 2),
(18, '1250101855385', 'อภิรภา', 'สุขคง', 3, 2),
(19, '1250101832440', 'กันตพัฒน์', 'เหล่าสนธิ์', 3, 2),
(20, '1250101836879', 'จิรภัทร', 'จินตนาวงษ์', 3, 2),
(21, '1240101091750', 'พงศธร', 'จีรบุณย์', 3, 2),
(22, '1250101857086', 'อุรุสยา', 'พิทักษ์', 3, 2),
(23, '1250101840001', 'เบญญาภา', 'พึ่งพินิจ', 3, 2),
(24, '1200901701331', 'ญาดา', 'คำวิชัย', 3, 2),
(25, '1100704382439', 'วีราพัชร์', 'ไพรศูนย์', 3, 2),
(26, '1250101805311', 'กวิน', 'สุกใส', 4, 2),
(27, '1103704769794', 'กชพร', 'ปิติพร', 4, 2),
(28, '1250101826466', 'ญาณพล', 'ฟักเปีย', 4, 2),
(29, '1250101827004', 'กรวีร์', 'ชมความสุข', 4, 2),
(30, '1209601754128', 'พรจันทร์', 'พาดวงจันทร์', 4, 2),
(31, '1250101804331', 'วิรัลพัชร', 'วิริยะพันธ์', 4, 2),
(32, '1250101821570', 'ปณฉัตต์', 'ไกรศิริ', 4, 2),
(33, '1250101811892', 'พิชญะ', 'หงษ์ทอง', 4, 2),
(34, '1260401236583', 'ธนนันท์', 'สุวรรณพันธุ์', 4, 2),
(35, '1309904000803', 'เตชินี', 'ทองนพคุณ', 4, 2),
(36, '1250101816398', 'ภัทรธร', 'วันทากูล', 4, 2),
(37, '1250101799175', 'ชญาวุธ', 'กลางนอก', 4, 2),
(38, '1250101806121', 'ฐิติวรดา', 'สืบสิงห์', 4, 2),
(39, '1259900105369', 'มนัสพร', 'วันจีน', 4, 2),
(40, '1250101817980', 'ชนนน', 'นาคะเสถียร', 4, 2),
(41, '1250101821871', 'ณิชาภา', 'วรรณวงศ์สอน', 4, 2),
(42, '1839300032454', 'ณภัชชา', 'ประดังเสียง', 4, 2),
(43, '1250101821499', 'นวัตกรณ์', 'อเนกบุณย์', 4, 2),
(44, '1103101169175', 'ธัญชนก', 'ปานเกลี้ยง', 4, 2),
(45, '1250101816444', 'ณัฐปภัสร์', 'แจ้งสันเทียะ', 4, 2),
(46, '1250101808310', 'รัฐพาทิศ', 'ขำดี', 4, 2),
(47, '1250101817025', 'ธนัตถ์ศรณ์', 'แซ่เบ๊', 4, 2),
(48, '1409904041878', 'ณัชชาภัทร', 'เนตรน้อย', 4, 2),
(49, '1250101814280', 'กฤษดา', 'ยาพิลา', 4, 2),
(50, '1250101810071', 'แทนคุณ', 'ศรีสวัสดิ์', 4, 2),
(51, '1250101805311', 'ปุณกัญญา', 'บุญมี', 4, 2),
(52, '1103704769794', 'ศุภจักร', 'วงษ์ประกอบ', 4, 2),
(53, '1250101826466', 'ธีรธวัช', 'ตรีนันทวัลย์', 4, 2),
(54, '1250101827004', 'ธฤต', 'หนุนพล', 4, 2),
(55, '1209601754128', 'อิลิซ่า จูน', 'แลงฟิลม์', 4, 2),
(56, '1250101804331', 'แผ่นดิน', 'ดุงสูงเนิน', 4, 2),
(57, '1250101809693', 'พิชามญชุ์', 'ยะโสวงษ์', 4, 2),
(58, '1250700134804', 'กิตติภูมิ', 'มานะไป', 4, 2),
(59, '1250101819877', 'พชร', 'สายทอง', 4, 2),
(60, '1279900458491', 'ปุณิกา', 'กาญจนปรานี', 4, 2),
(61, '1250101804861', 'ณภษร', 'วีระวงศ์พิพัฒน์', 4, 2),
(62, '1250101778666', 'เอมฤดี', 'สวนเสริม', 4, 2),
(63, '1319901412485', 'คุณานนต์', 'ทุมพร', 4, 2),
(64, '1250101814042', 'ธนัชชา', 'จันหา', 4, 2),
(65, '1250101814344', 'ณภัทร', 'ใคร่ควร', 4, 2),
(66, '1419902790610', 'ธายุกร', 'ดาแพง', 4, 2),
(67, '1250101816797', 'กัญจณัช', 'กุสุมาลย์นุกูล', 4, 2),
(68, '1250101820972', 'ชยานันต์', 'ปรภาว์', 4, 2),
(69, '1250101822509', 'ธรรมทัศน์', 'ลามาตย์', 4, 2),
(70, '1250101823505', 'อังศุมาลิน', 'จำใจ', 4, 2),
(71, '1250101814069', 'เบญญศิกานต์', 'พันธ์ธรรม', 4, 2),
(72, '1250101803652', 'ชัญญานุช', 'เพชรสังหาร', 4, 2),
(73, '1249901029313', 'เนติภัทธ', 'บรรยงกะเสนา ณ อยุธยา', 4, 2),
(74, '1250101802699', 'อารยา', 'เรียงจันทร์', 4, 2),
(75, '1250101802044', 'ปวินท์ชัย', 'บุญญนรังษี', 4, 2),
(76, '1250101818391', 'พบธรรม', 'จุฬาริกุล', 4, 2),
(77, '1139600662611', 'ภูวนารถ', 'โมทนา', 4, 2),
(78, '1104200799089', 'รัชวิภา', 'คริสตัล', 4, 2),
(79, '1250101802630', 'สุรีย์นิภา', 'ซื่อสัตย์', 4, 2),
(80, '1250101829414', 'ศิลวิชญ์', 'พูลสวัสดิ์', 4, 2),
(81, '1250101804357', 'ณัฐกาญจน์', 'เลียบเมือง', 4, 2),
(82, '2250101048364', 'นรมน', 'ดอนบาฟวานด์', 4, 2),
(83, '1279900469107', 'กิตติกร', 'ชลูดดง', 4, 2),
(84, '1259500199684', 'พิชกานต์', 'นพสมบูรณ์', 4, 2),
(85, '1102004288491', 'เนติญา', 'เกตุรังษี', 4, 2),
(86, '1419902773154', 'ชุติพนธ์', 'นิลชา', 4, 2),
(87, '1250101772200', 'กมลธิดา', 'เรืองนาราบ', 5, 2),
(88, '1250101775217', 'กัญจน์พร', 'วัฒนธีระเกษม', 5, 2),
(89, '1250101775349', 'ปารณีย์', 'มีสัตย์', 5, 2),
(90, '1250101777244', 'พชรพร', 'ครูภิรมย์', 5, 2),
(91, '1103704612054', 'ภควรรณ', 'วชิรบัณฑูร', 5, 2),
(92, '1250101792456', 'รัฐณิชา', 'ขำดี', 5, 2),
(93, '1103900307153', 'โสภิตต์นภาลัย', 'พรพิบูลย์', 5, 2),
(94, '1250101769454', 'อักษราภัคฏิ์', 'ทองนพคุณ', 5, 2),
(95, '1250101769811', 'อิสริยาภรณ์', 'พันการุ่ง', 5, 2),
(96, '1250101772587', 'เทพฤทธิ์', 'สาโรจน์', 5, 2),
(97, '1250101778470', 'ธนกฤต', 'โตตระกูลถาวร', 5, 2),
(98, '1250101782191', 'ธนวิน', 'อานทอง', 5, 2),
(99, '1250101784917', 'ภาณุพงศ์', 'แดงตนุ', 5, 2),
(100, '1250101788301', 'รัชชานนท์', 'แก้วชนะ', 5, 2),
(101, '1101402434011', 'เรมี', 'รัตนวราห์', 5, 2),
(102, '1250101791557', 'ศุภณัฐ', 'ฝั่งมงคลกิจ', 5, 2),
(103, '1250101789731', 'สุกฤษฎิพล', 'นามี', 5, 2),
(104, '1309903831736', 'กันตพล', 'วรมานะกุล', 5, 2),
(105, '1250101780351', 'ปัณณพร', 'รัตนมาลา', 5, 2),
(106, '1250101794840', 'พิมพ์อร', 'ทัศพร', 5, 2),
(107, '1309903892093', 'อัครพงษ์', 'กองคำ', 5, 2),
(108, '1250101796052', 'ขวัญฤทัย', 'สุขประเสริฐ', 5, 2),
(109, '1250101769128', 'ธนกฤต', 'วชิรดุสิต', 5, 2),
(110, '1250101772838', 'สุวิจักขณ์', 'นาคเกษม', 5, 2),
(111, '1250101789404', 'แทนคุณ', 'เกียรติวนิชสกุล', 5, 2),
(112, '1100801697082', 'พอเพียง', 'สุขพอ', 5, 2),
(113, '1250101785271', 'ธันยพร', 'ทดกิ่ง', 5, 2),
(114, '1250101787690', 'เปมิกา', 'สอนโส', 5, 2),
(115, '1104500109592', 'สรวิศ', 'ไชยโย', 5, 2),
(116, '1103704653214', 'ภรธรา', 'คุณสิงห์', 5, 2),
(117, '1250101797237', 'กิตฐิพงษ์', 'รัตนเลี่ยม', 5, 2),
(118, '1250101772315', 'ธัชทอง', 'แซ่แต้', 5, 2),
(119, '1250101774725', 'สิรวิชญ์', 'โพธิ์เดช', 5, 2),
(120, '1250101784801', 'ภคพร', 'ทวียศ', 5, 2),
(121, '1250101790780', 'ณภัทร', 'แลกะสินธ์', 5, 2),
(122, '1309903874605', 'กวิสรา', 'นาคเจือทอง', 5, 2),
(123, '1149901189508', 'ธีรวีร์', 'ปราชญ์เวทย์', 5, 2),
(124, '1269900496490', 'จุฑามาศ', 'บัวเผื่อน', 5, 2),
(125, '1250101770126', 'ธนัท', 'ฉิมเลี้ยง', 5, 2),
(126, '1250101769721', 'พิชญพัฒน์', 'ศรีชื่น', 5, 2),
(127, '1250101743404', 'พิชญ์นารถ', 'วรรณเสริฐ', 6, 2),
(128, '1250101755372', 'เมธาพร', 'มังคลา', 6, 2),
(129, '1250101736769', 'วรพล', 'สันติสวัสดิ์', 6, 2),
(130, '1250101762662', 'ธฤตพร', 'ปิติพร', 6, 2),
(131, '1101301260258', 'อริยะ', 'เรียงจันทร์', 6, 2),
(132, '1250101762221', 'ณิชานันท์', 'วรรณวงศ์สอน', 6, 2),
(133, '1250101758959', 'ปรัชชกร', 'เพ็ชร์รุ่ง', 6, 2),
(134, '1250101764461', 'สุวิจักขณ์', 'เปียผึ้ง', 6, 2),
(135, '1101700477592', 'รวิภาส', 'เจริญพร', 6, 2),
(136, '1250101770169', 'ตถตา', 'ขุนวิไชย', 6, 2),
(137, '1103704548463', 'วาริ', 'วงษ์ประกอบ', 6, 2),
(138, '1250101750419', 'ญาณิศา', 'อำนรรฆ', 6, 2),
(139, '1250101758899', 'กฤติยาภรณ์', 'ขุนนามวงษ์', 6, 2),
(140, '1250101752705', 'ภัทรกร', 'มณีงาม', 6, 2),
(141, '1250101754252', 'ธนธรณ์', 'เถียรเวช', 6, 2),
(142, '1250101757553', 'ธนกฤต', 'บำรุงสุข', 6, 2),
(143, '1250101746896', 'พัชรีรัชต์', 'โพธิ์งาม', 6, 2),
(144, '1250101765548', 'คุณิตา', 'ทองมา', 6, 2),
(145, '1250101767133', 'รัชวิน', 'หมายสุข', 6, 2),
(146, '1209702579101', 'วรกานต์', 'คงแก้ว', 6, 2),
(147, '1250101751806', 'ลักษิกา', 'คุณขยัน', 6, 2),
(148, '1250101751504', 'ธนภัทร', 'วงศ์มิตรแท้', 6, 2),
(149, '1250101754821', 'เปรมปวีณ์', 'ปภัสร์จิรโชติ', 6, 2),
(150, '1909803493540', 'สานิตา', 'สุขแก้ว', 6, 2),
(151, '1249900963241', 'มนต์ภัทร์', 'พันธุ์เจริญ', 6, 2),
(152, '1100202030480', 'นราวิชญ์', 'ผลสิน', 6, 2),
(153, '1250101762077', 'ชนิชญา', 'เสนาใหญ่', 6, 2),
(154, '1250101765823', 'สุภัทรา', 'ศรีชาติ', 6, 2),
(155, '1749901281981', 'มะลิวรรณ', 'ตั้งเจริญ', 6, 2),
(156, '1250101762654', 'ธนากร', 'ศรีวิเชียร', 6, 2),
(157, '1250101762760', 'สุวรรณภูมิ', 'นำพา', 6, 2),
(158, '1249900954277', 'คุณากร', 'เหมือนเพ็ชร', 6, 2),
(159, '1250101750249', 'นลินญา', 'สกุลนคร', 6, 2),
(160, '1250101765459', 'อัษฎากร', 'อุ่นประเสริฐ', 6, 2),
(161, '1170601268820', 'ธัญรดา', 'ภักดีศุภผล', 6, 2),
(162, '1250101755283', 'สาริสา', 'จีนเจิอ', 6, 2),
(163, '1749700177311', 'ภัทรวดี', 'ชาญเกษม', 6, 2),
(164, '1250101709192', 'ธนกฤต', 'อ่อนน้อม', 7, 2),
(165, '1250101718051', 'อินทัธ', 'พัฒนศร', 7, 2),
(166, '1250101720731', 'พอเพียง', 'เกียรติวนิชสกุล', 7, 2),
(167, '1100600562881', 'วชิรวิทย์', 'เชียงพงศ์พันธ์', 7, 2),
(168, '1260401194139', 'ปรีติ์รติ', 'กองทอง', 7, 2),
(169, '1250101732381', 'ฉัตรกมล', 'เดชาพิทักษ์', 7, 2),
(170, '1250101711235', 'ฌิญฏา', 'มะลิทอง', 7, 2),
(171, '1103704363496', 'ภาษธร', 'คุณสิงห์', 7, 2),
(172, '1250101712797', 'นลพรรณ', 'จิรพงศาธร', 7, 2),
(173, '1250101720536', 'พรีมนชา', 'สุวรรณฉวี', 7, 2),
(174, '1260401193167', 'เพียงพอ', 'ศีลสุจริต', 7, 2),
(175, '1250101715796', 'จตุรพิธพร', 'สังประพล', 7, 2),
(176, '1250101729991', 'ณัฐธัญญา', 'ภู่ประสม', 7, 2),
(177, '1250101738001', 'ภัทรกร', 'สำเภาโภค', 7, 2),
(178, '1279900385311', 'ปุณณภพ', 'ทัศนพรหม', 7, 2),
(179, '1260401201755', 'จารุวิทย์', 'ศรีคำทา', 7, 2),
(180, '1250101706282', 'พีรพัฒน์', 'อำนรรฆ', 7, 2),
(181, '1250101741061', 'พิมลภัสศ์', 'หอมจันทร์', 7, 2),
(182, '1250101722652', 'ธัญวรินทร์', 'ชินแสน', 7, 2),
(183, '1250101725082', 'จิรเมธ', 'นุศิริ', 7, 2),
(184, '1760101151341', 'วรภาคย์', 'ชลานุเคราะห์', 7, 2),
(185, '1250101728201', 'ณัฐดนัย', 'กัณหารี', 7, 2),
(186, '1250101731945', 'พิรญาณ์', 'รอดวงษ์', 7, 2),
(187, '1104200695950', 'ศตนันต์', 'กรมสุริยศักดิ์', 7, 2),
(188, '1101000222052', 'บริพัตร', 'ศรีศิริวัฒน์', 7, 2),
(189, '1250101714901', 'ปองคุณ', 'ปาณะวร', 7, 2),
(190, '1209702378334', 'ชินธิป', 'อยู่สุขสุวรรณ์', 8, 2),
(191, '1250101689795', 'ภีมพศ', 'กสิกพันธุ์', 8, 2),
(192, '1250101682189', 'กัญญาณัฐ', 'เศรษฐโชดึก', 8, 2),
(193, '1219901174828', 'ภูธิป', 'หายทุกข์', 8, 2),
(194, '1250101704794', 'คณนัฎฐ์', 'หงษ์วิไล', 8, 2),
(195, '1250101697887', 'ณัฎฐกันย์', 'อินทชิต', 8, 2),
(196, '1250101701167', 'กิตติพศ', 'ศรีสุขา', 8, 2),
(197, '1250101700497', 'เอื้ออิสรา', 'พึ่งกริม', 8, 2),
(198, '1250101692575', 'กิตติทัต', 'หอมเดิม', 8, 2),
(199, '1849901934436', 'ภูวิตรา', 'วรมานะกุล', 8, 2),
(200, '1309903488659', 'ณัชชา', 'เพิ่มพูล', 8, 2),
(201, '1250101707556', 'พิพิชญ์พัฒน์ตรา', 'ศรีชื่น', 8, 2),
(202, '1250101708374', 'กิตติคุณ', 'บุญครุฑ', 8, 2),
(203, '1250101707122', 'กฤติน', 'มาลยาภรณ์', 8, 2),
(204, '1101402382526', 'ชณิดา', 'เบลิคลิงเงอร์', 8, 2),
(205, '1250101700055', 'ฐิติศักดิ์', 'จันทรสวัสดิ์', 8, 2),
(206, '1240600277433', 'ธนกฤต', 'ปรียารัตนโชติ', 8, 2),
(207, '1250101715702', 'ปิติวัฒน์', 'ปิติพร', 8, 2),
(208, '1250101701256', 'วรวิช', 'จุฬาริกุล', 8, 2),
(209, '1103300261721', 'ปุณยาพร', 'บำเพ็ญ', 8, 2),
(210, '1250101705383', 'กฤษฏ์', 'ฉิมเลี้ยง', 8, 2),
(211, '1209000341279', 'สรศักดิ์', 'เผ่าเฮง', 8, 2),
(212, '1250101692320', 'ธันวา', 'ยืนทน', 8, 2),
(213, '1250101681077', 'ศุภณัฐ', 'กัณหารี', 8, 2),
(214, '1250101695558', 'ณัฐปภัสร์', 'แก้วกุลศรี', 8, 2),
(215, '1250101704514', 'กวีวัฒน์', 'เตชะชนะชัย', 8, 2),
(216, '1250101691749', 'ฤทัยมาตุ', 'กลิ่นจันทร์', 8, 2),
(217, '1250101685358', 'ภัทรพล', 'วชิรบัณฑูร', 8, 2),
(218, '1250101701060', 'กษิดิ์เดช', 'แสดง', 8, 2),
(219, '1199901186151', 'ปิยังกูร', 'เสียงฆ้อง', 8, 2),
(220, '1250101695001', 'ธีรภัทร', 'นิลนนท์', 8, 2),
(221, '1100201925602', 'ภูมิพริษฐ์', 'ยี่เผติ๊ป', 8, 2),
(222, '1250101692770', 'ธีรพล', 'ภู่ยิ่งยอด', 8, 2),
(223, '1250101647235', 'ยุทธนา', 'บำรุงสุข', 9, 2),
(224, '1101402340271', 'ปัณฑิตา', 'ศรีจันทร์', 9, 2),
(225, '1250101661050', 'ธัญญลักษณ์', 'สงวนจิตร', 9, 2),
(226, '1103704148064', 'ณฐพร', 'สัจจมงคล', 9, 2),
(227, '1100201883390', 'อภิชญา', 'ประเสริฐกุล', 9, 2),
(228, '1250101650546', 'เมฆาสิทฐ์', 'พิทักษ์เสถียรกุล', 9, 2),
(229, '1279900313701', 'ภูษณิศา', 'กาญจนปราณี', 9, 2),
(230, '1250101649530', 'กฤตพร    ', 'เชียงนอก', 9, 2),
(231, '1250101671993', 'นิรุชา', 'แลกะสินธุ์', 9, 2),
(232, '1250101645810', 'ภัทรวดี', 'แตงสมบูรณ์', 9, 2),
(233, '1100703912728', 'ภคิน', 'นิติรัตนกุล', 9, 2),
(234, '1250101652492', 'พิมพ์สุข', 'เจริญสันติสุข', 9, 2),
(235, '1250101653120', 'คณาพง', 'วงษ์พึ่งตรง', 9, 2),
(236, '1250101661670', 'อังกูร', 'จินดาวงศ์', 9, 2),
(237, '1118600036698', 'กันตพัฒน์', 'อรรคนิมาตย์', 9, 2),
(238, '1250101673589', 'กิตติภพ', 'เชื้อแย้ม', 9, 2),
(239, '1250101675611', 'เบญญทิพย์', 'มณีแนม', 9, 2),
(240, '1100600528950', 'ศิริ', 'ศิริปุณย์', 9, 2),
(241, '1104200568567', 'พรกรัณย์', 'นิลกล่ำ', 9, 2),
(242, '1250101661084', 'ลภัสรดา', 'นาบำรุง', 9, 2),
(243, '1139800126489', 'พีรพัฒน์', 'บุญยะใบ', 9, 2),
(244, '1250101666591', 'ศุภธิดา', 'ศุภปณิตา', 9, 2),
(245, '1103400126770', 'อริสรา', 'พร้อมมูล', 9, 2),
(246, '3259900092794', 'ณัฐภา', 'ไกรศรีวงศ์', 9, 2),
(247, '2250101047635', 'ศิริโสภา', 'มาศิริ', 9, 2),
(248, '1209702303016', 'นวนนท์', 'ไทยเพ็ชร', 9, 2),
(249, '1250101665977', 'อัจฉริยพงษ์', 'กองคำ', 9, 2),
(250, '1250101654568', 'ธาดา', 'ลำบอง', 9, 2),
(251, '1250101655084', 'ศุภเมธ', 'ฤทธิ์เดช', 9, 2),
(252, '1250101620493', 'พิมพ์ธีรดา', 'กิรประสงค์กิจ', 10, 2),
(253, '1250101630871', 'ศุภกร', 'วิลาวัลย์', 10, 2),
(254, '1250101634214', 'พีรศรุต', 'สุพัฒฑา', 10, 2),
(255, '1103704064006', 'ฐิติกา', 'ศรีชาติ', 10, 2),
(256, '1250101630570', 'ชุณนเกียรติ', 'พันธ์ธรรม', 10, 2),
(257, '1250101630243', 'กฤษดิณ', 'เศรษฐโชดึก', 10, 2),
(258, '1250101619754', 'อภิเดช', 'มะลิทอง', 10, 2),
(259, '1250101642578', 'นันท์นภัส', 'รอดบุตร', 10, 2),
(260, '1250101645461', 'คุณาธิป', 'ทองมา', 10, 2),
(261, '1250101645437', 'จิรภัทร', 'บุญลือ', 10, 2),
(262, '1250101628222', 'ธันวดี', 'มณีงาม', 10, 2),
(263, '1102900091664', 'ภัทรพล', 'ผะโรทัย', 10, 2),
(264, '1250101625941', 'กิตติธัช', 'แตงชุมพล', 10, 2),
(265, '1101402321713', 'ดนูศิษฏ์', 'มาลยาภรณ์', 10, 2),
(266, '1250101614469', 'เลิศพิพัฒน์', 'เจริญกรุง', 10, 2),
(267, '1249900792927', 'อรวรรณยา', 'พิมแก้ว', 10, 2),
(268, '1250101620892', 'ภูเบศ', 'ทาประเสริฐ', 10, 2),
(269, '1279900303080', 'วัฑฒนชัย', 'ใจตรง', 10, 2),
(270, '1250101633269', 'วรรณศิริ', 'เหล่ามา', 10, 2),
(271, '1250101637761', 'สิทธินนท์', 'โพธิ์เดช', 10, 2),
(272, '1250101625584', 'พจมาน', 'มาศิริ', 10, 2),
(273, '1249900827887', 'ชัชชนน', 'วสนาท', 10, 2),
(274, '1103703764560', 'ครวัฐ         ', 'พัฒนะวาณิชนันท์', 11, 2),
(275, '1250101587020', 'สิริปรียา         ', 'ยศดำรงกุล', 11, 2),
(276, '1250101593178', 'พัชรพล', 'มานะกุล', 11, 2),
(277, '1101700359000', 'กฤติพร', 'จองสกุล', 11, 2),
(278, '1250101602011', 'สุพิชชา', 'ดารักษ์', 11, 2),
(279, '1103703906381', 'สุชัญญา ', 'สว่างเทียบ', 11, 2),
(280, '1209702117867', 'ธนัชพร', 'สมสถาน', 11, 2),
(281, '1209702209371', 'ธัญชนก', 'สมสถาน', 11, 2),
(282, '1250101599486', 'ณภัทร', 'เพิ่มพูน', 11, 2),
(283, '1250101593313', 'ชลธิชา', 'พรมมา', 11, 2),
(284, '1250101602681', 'พงศ์พล', 'ซื่อตรง', 11, 2),
(285, '1250101599737', 'ชญานิน', 'จารุเนตร', 11, 2),
(286, '1250101612946', 'ภทรพรรณ', 'มงคลพิมพ์', 11, 2),
(287, '1250101611125', 'ก้องเกียรติ', 'ศรีภักดี', 11, 2),
(288, '1250101593011', 'ชินกฤต', 'เหมเพ็ชร', 11, 2),
(289, '1249900755304', 'ศิระนพ', 'ใกล้ชิด', 11, 2),
(290, '1240600246341', 'พัทธมน', 'ศิริวัฒนะ', 11, 2),
(291, '1250101607225', 'ศศิชา', 'ศรีสุขา', 11, 2),
(292, '1240600241587', 'ภูรินทร์', 'พงษ์สุโรจน์', 11, 2),
(293, '1250101583318', 'บุรินทร์', 'จิรัฎฐิติกาล', 11, 2),
(294, '1250101595499', 'ลินิน', 'หงสกุล', 11, 2),
(295, '1250101599613', 'จิรวัฒน์', 'อุ่นประเสริฐ', 11, 2),
(296, '1250101599966', 'จิดาภา', 'หอมจันทร์', 11, 2),
(297, '1440601334269', 'ประกายกานต์', 'สิงหาร', 11, 2),
(298, '1419902270250', 'ณัฐชา ', 'ดาแพง', 11, 2),
(299, '1250101587941', 'กิตติเดช', 'คงแก้ว', 11, 2),
(300, '1269900402371', 'ศิริวรรณ', 'สุชช่วย', 11, 2),
(301, '1104100026101', 'ธวัลรัตน์', 'นิลนนท์', 11, 2),
(302, '1219700037611', 'แสนรัก', 'ชินบุตร', 11, 2),
(303, '﻿1260401254182', 'อิสสริภรณ์', 'แหวนทอง', 3, 2);

-- --------------------------------------------------------

--
-- Table structure for table `teacher`
--

CREATE TABLE `teacher` (
  `t_id` int(4) NOT NULL,
  `t_name` varchar(50) COLLATE utf32_unicode_ci DEFAULT NULL,
  `t_surname` varchar(50) COLLATE utf32_unicode_ci DEFAULT NULL,
  `t_status` int(1) NOT NULL,
  `t_user` int(11) NOT NULL
) ENGINE=InnoDB DEFAULT CHARSET=utf32 COLLATE=utf32_unicode_ci COMMENT='ครูประจำชั้น';

--
-- Dumping data for table `teacher`
--

INSERT INTO `teacher` (`t_id`, `t_name`, `t_surname`, `t_status`, `t_user`) VALUES
(2, 'รำพึง', 'สุขช่วย', 0, 5),
(3, 'วันเพ็ญ', 'รังสิกุล', 0, 8),
(4, 'ชุติมา', 'รัตนนท์', 0, 6),
(5, 'วราภรณ์', 'ตันญบุตร', 0, 7),
(6, 'มินตรา', 'ทองกรณ์', 0, 9),
(7, 'พัชนี', 'พลเผือก', 0, 10),
(8, 'สุภาวดี', 'บุญพูล', 0, 14),
(9, 'อภิญญา ', 'ภูคะสินธ์', 0, 15),
(10, 'ณัทอร', 'ผิดพันธ์', 0, 16),
(11, 'สังวาลย์', 'เหมือนกรุด', 0, 17),
(12, 'พูลทรัพย์', 'คนขยัน', 0, 18),
(13, 'ชลชนก', 'สุทธิอาคาร', 0, 19),
(15, 'มยุรี', 'กตะศิลา', 0, 4);

-- --------------------------------------------------------

--
-- Table structure for table `term`
--

CREATE TABLE `term` (
  `Term_id` int(5) NOT NULL,
  `Term_year` int(4) NOT NULL,
  `Term` int(1) NOT NULL,
  `Class_id` int(4) NOT NULL,
  `Std_no` int(11) NOT NULL
) ENGINE=InnoDB DEFAULT CHARSET=utf32 COLLATE=utf32_unicode_ci;

--
-- Dumping data for table `term`
--

INSERT INTO `term` (`Term_id`, `Term_year`, `Term`, `Class_id`, `Std_no`) VALUES
(2, 2559, 2, 3, 2),
(3, 2559, 2, 3, 3),
(4, 2559, 2, 3, 4),
(5, 2559, 2, 3, 5),
(6, 2559, 2, 3, 6),
(7, 2559, 2, 3, 7),
(8, 2559, 2, 3, 8),
(9, 2559, 2, 3, 9),
(10, 2559, 2, 3, 10),
(11, 2559, 2, 3, 11),
(12, 2559, 2, 3, 12),
(13, 2559, 2, 3, 13),
(14, 2559, 2, 3, 14),
(15, 2559, 2, 3, 15),
(16, 2559, 2, 3, 16),
(17, 2559, 2, 3, 17),
(18, 2559, 2, 3, 18),
(19, 2559, 2, 3, 19),
(20, 2559, 2, 3, 20),
(21, 2559, 2, 3, 21),
(22, 2559, 2, 3, 22),
(23, 2559, 2, 3, 23),
(24, 2559, 2, 3, 24),
(25, 2559, 2, 3, 25),
(26, 2559, 2, 4, 26),
(27, 2559, 2, 4, 27),
(28, 2559, 2, 4, 28),
(29, 2559, 2, 4, 29),
(30, 2559, 2, 4, 30),
(31, 2559, 2, 4, 31),
(32, 2559, 2, 4, 32),
(33, 2559, 2, 4, 33),
(34, 2559, 2, 4, 34),
(35, 2559, 2, 4, 35),
(36, 2559, 2, 4, 36),
(37, 2559, 2, 4, 37),
(38, 2559, 2, 4, 38),
(39, 2559, 2, 4, 39),
(40, 2559, 2, 4, 40),
(41, 2559, 2, 4, 41),
(42, 2559, 2, 4, 42),
(43, 2559, 2, 4, 43),
(44, 2559, 2, 4, 44),
(45, 2559, 2, 4, 45),
(46, 2559, 2, 4, 46),
(47, 2559, 2, 4, 47),
(48, 2559, 2, 4, 48),
(49, 2559, 2, 4, 49),
(50, 2559, 2, 4, 50),
(51, 2559, 2, 4, 51),
(52, 2559, 2, 4, 52),
(53, 2559, 2, 4, 53),
(54, 2559, 2, 4, 54),
(55, 2559, 2, 4, 55),
(56, 2559, 2, 4, 56),
(57, 2559, 2, 5, 57),
(58, 2559, 2, 5, 58),
(59, 2559, 2, 5, 59),
(60, 2559, 2, 5, 60),
(61, 2559, 2, 5, 61),
(62, 2559, 2, 5, 62),
(63, 2559, 2, 5, 63),
(64, 2559, 2, 5, 64),
(65, 2559, 2, 5, 65),
(66, 2559, 2, 5, 66),
(67, 2559, 2, 5, 67),
(68, 2559, 2, 5, 68),
(69, 2559, 2, 5, 69),
(70, 2559, 2, 5, 70),
(71, 2559, 2, 5, 71),
(72, 2559, 2, 5, 72),
(73, 2559, 2, 5, 73),
(74, 2559, 2, 5, 74),
(75, 2559, 2, 5, 75),
(76, 2559, 2, 5, 76),
(77, 2559, 2, 5, 77),
(78, 2559, 2, 5, 78),
(79, 2559, 2, 5, 79),
(80, 2559, 2, 5, 80),
(81, 2559, 2, 5, 81),
(82, 2559, 2, 5, 82),
(83, 2559, 2, 5, 83),
(84, 2559, 2, 5, 84),
(85, 2559, 2, 5, 85),
(86, 2559, 2, 5, 86),
(87, 2559, 2, 6, 87),
(88, 2559, 2, 6, 88),
(89, 2559, 2, 6, 89),
(90, 2559, 2, 6, 90),
(91, 2559, 2, 6, 91),
(92, 2559, 2, 6, 92),
(93, 2559, 2, 6, 93),
(94, 2559, 2, 6, 94),
(95, 2559, 2, 6, 95),
(96, 2559, 2, 6, 96),
(97, 2559, 2, 6, 97),
(98, 2559, 2, 6, 98),
(99, 2559, 2, 6, 99),
(100, 2559, 2, 6, 100),
(101, 2559, 2, 6, 101),
(102, 2559, 2, 6, 102),
(103, 2559, 2, 6, 103),
(104, 2559, 2, 6, 104),
(105, 2559, 2, 6, 105),
(106, 2559, 2, 6, 106),
(107, 2559, 2, 6, 107),
(108, 2559, 2, 6, 108),
(109, 2559, 2, 7, 109),
(110, 2559, 2, 7, 110),
(111, 2559, 2, 7, 111),
(112, 2559, 2, 7, 112),
(113, 2559, 2, 7, 113),
(114, 2559, 2, 7, 114),
(115, 2559, 2, 7, 115),
(116, 2559, 2, 7, 116),
(117, 2559, 2, 7, 117),
(118, 2559, 2, 7, 118),
(119, 2559, 2, 7, 119),
(120, 2559, 2, 7, 120),
(121, 2559, 2, 7, 121),
(122, 2559, 2, 7, 122),
(123, 2559, 2, 7, 123),
(124, 2559, 2, 7, 124),
(125, 2559, 2, 7, 125),
(126, 2559, 2, 7, 126),
(127, 2559, 2, 8, 127),
(128, 2559, 2, 8, 128),
(129, 2559, 2, 8, 129),
(130, 2559, 2, 8, 130),
(131, 2559, 2, 8, 131),
(132, 2559, 2, 8, 132),
(133, 2559, 2, 8, 133),
(134, 2559, 2, 8, 134),
(135, 2559, 2, 8, 135),
(136, 2559, 2, 8, 136),
(137, 2559, 2, 8, 137),
(138, 2559, 2, 8, 138),
(139, 2559, 2, 8, 139),
(140, 2559, 2, 8, 140),
(141, 2559, 2, 8, 141),
(142, 2559, 2, 8, 142),
(143, 2559, 2, 8, 143),
(144, 2559, 2, 8, 144),
(145, 2559, 2, 8, 145),
(146, 2559, 2, 8, 146),
(147, 2559, 2, 8, 147),
(148, 2559, 2, 8, 148),
(149, 2559, 2, 8, 149),
(150, 2559, 2, 8, 150),
(151, 2559, 2, 8, 151),
(152, 2559, 2, 8, 152),
(153, 2559, 2, 8, 153),
(154, 2559, 2, 8, 154),
(155, 2559, 2, 8, 155),
(156, 2559, 2, 8, 156),
(157, 2559, 2, 8, 157),
(158, 2559, 2, 8, 158),
(159, 2559, 2, 8, 159),
(160, 2559, 2, 8, 160),
(161, 2559, 2, 8, 161),
(162, 2559, 2, 8, 162),
(163, 2559, 2, 8, 163),
(164, 2559, 2, 9, 164),
(165, 2559, 2, 9, 165),
(166, 2559, 2, 9, 166),
(167, 2559, 2, 9, 167),
(168, 2559, 2, 9, 168),
(169, 2559, 2, 9, 169),
(170, 2559, 2, 9, 170),
(171, 2559, 2, 9, 171),
(172, 2559, 2, 9, 172),
(173, 2559, 2, 9, 173),
(174, 2559, 2, 9, 174),
(175, 2559, 2, 9, 175),
(176, 2559, 2, 9, 176),
(177, 2559, 2, 9, 177),
(178, 2559, 2, 9, 178),
(179, 2559, 2, 9, 179),
(180, 2559, 2, 9, 180),
(181, 2559, 2, 9, 181),
(182, 2559, 2, 9, 182),
(183, 2559, 2, 9, 183),
(184, 2559, 2, 9, 184),
(185, 2559, 2, 9, 185),
(186, 2559, 2, 9, 186),
(187, 2559, 2, 9, 187),
(188, 2559, 2, 9, 188),
(189, 2559, 2, 9, 189),
(190, 2559, 2, 10, 190),
(191, 2559, 2, 10, 191),
(192, 2559, 2, 10, 192),
(193, 2559, 2, 10, 193),
(194, 2559, 2, 10, 194),
(195, 2559, 2, 10, 195),
(196, 2559, 2, 10, 196),
(197, 2559, 2, 10, 197),
(198, 2559, 2, 10, 198),
(199, 2559, 2, 10, 199),
(200, 2559, 2, 10, 200),
(201, 2559, 2, 10, 201),
(202, 2559, 2, 10, 202),
(203, 2559, 2, 10, 203),
(204, 2559, 2, 10, 204),
(205, 2559, 2, 10, 205),
(206, 2559, 2, 10, 206),
(207, 2559, 2, 10, 207),
(208, 2559, 2, 10, 208),
(209, 2559, 2, 10, 209),
(210, 2559, 2, 10, 210),
(211, 2559, 2, 10, 211),
(212, 2559, 2, 10, 212),
(213, 2559, 2, 10, 213),
(214, 2559, 2, 10, 214),
(215, 2559, 2, 10, 215),
(216, 2559, 2, 10, 216),
(217, 2559, 2, 10, 217),
(218, 2559, 2, 10, 218),
(219, 2559, 2, 10, 219),
(220, 2559, 2, 10, 220),
(221, 2559, 2, 10, 221),
(222, 2559, 2, 10, 222),
(223, 2559, 2, 11, 223),
(224, 2559, 2, 11, 224),
(225, 2559, 2, 11, 225),
(226, 2559, 2, 11, 226),
(227, 2559, 2, 11, 227),
(228, 2559, 2, 11, 228),
(229, 2559, 2, 11, 229),
(230, 2559, 2, 11, 230),
(231, 2559, 2, 11, 231),
(232, 2559, 2, 11, 232),
(233, 2559, 2, 11, 233),
(234, 2559, 2, 11, 234),
(235, 2559, 2, 11, 235),
(236, 2559, 2, 11, 236),
(237, 2559, 2, 11, 237),
(238, 2559, 2, 11, 238),
(239, 2559, 2, 11, 239),
(240, 2559, 2, 11, 240),
(241, 2559, 2, 11, 241),
(242, 2559, 2, 11, 242),
(243, 2559, 2, 11, 243),
(244, 2559, 2, 11, 244),
(245, 2559, 2, 11, 245),
(246, 2559, 2, 11, 246),
(247, 2559, 2, 11, 247),
(248, 2559, 2, 11, 248),
(249, 2559, 2, 11, 249),
(250, 2559, 2, 11, 250),
(251, 2559, 2, 11, 251),
(252, 2559, 2, 12, 252),
(253, 2559, 2, 12, 253),
(254, 2559, 2, 12, 254),
(255, 2559, 2, 12, 255),
(256, 2559, 2, 12, 256),
(257, 2559, 2, 12, 257),
(258, 2559, 2, 12, 258),
(259, 2559, 2, 12, 259),
(260, 2559, 2, 12, 260),
(261, 2559, 2, 12, 261),
(262, 2559, 2, 12, 262),
(263, 2559, 2, 12, 263),
(264, 2559, 2, 12, 264),
(265, 2559, 2, 12, 265),
(266, 2559, 2, 12, 266),
(267, 2559, 2, 12, 267),
(268, 2559, 2, 12, 268),
(269, 2559, 2, 12, 269),
(270, 2559, 2, 12, 270),
(271, 2559, 2, 12, 271),
(272, 2559, 2, 12, 272),
(273, 2559, 2, 12, 273),
(274, 2559, 2, 13, 274),
(275, 2559, 2, 13, 275),
(276, 2559, 2, 13, 276),
(277, 2559, 2, 13, 277),
(278, 2559, 2, 13, 278),
(279, 2559, 2, 13, 279),
(280, 2559, 2, 13, 280),
(281, 2559, 2, 13, 281),
(282, 2559, 2, 13, 282),
(283, 2559, 2, 13, 283),
(284, 2559, 2, 13, 284),
(285, 2559, 2, 13, 285),
(286, 2559, 2, 13, 286),
(287, 2559, 2, 13, 287),
(288, 2559, 2, 13, 288),
(289, 2559, 2, 13, 289),
(290, 2559, 2, 13, 290),
(291, 2559, 2, 13, 291),
(292, 2559, 2, 13, 292),
(293, 2559, 2, 13, 293),
(294, 2559, 2, 13, 294),
(295, 2559, 2, 13, 295),
(296, 2559, 2, 13, 296),
(297, 2559, 2, 13, 297),
(298, 2559, 2, 13, 298),
(299, 2559, 2, 13, 299),
(300, 2559, 2, 13, 300),
(301, 2559, 2, 13, 301),
(302, 2559, 2, 13, 302),
(303, 2559, 2, 3, 303);

-- --------------------------------------------------------

--
-- Table structure for table `user`
--

CREATE TABLE `user` (
  `user_id` int(4) NOT NULL,
  `username` varchar(30) COLLATE utf32_unicode_ci NOT NULL,
  `password` varchar(30) COLLATE utf32_unicode_ci NOT NULL,
  `user_email` varchar(30) COLLATE utf32_unicode_ci NOT NULL,
  `user_name` varchar(50) COLLATE utf32_unicode_ci NOT NULL,
  `user_surname` varchar(50) COLLATE utf32_unicode_ci NOT NULL,
  `user_role` int(2) NOT NULL
) ENGINE=InnoDB DEFAULT CHARSET=utf32 COLLATE=utf32_unicode_ci;

--
-- Dumping data for table `user`
--

INSERT INTO `user` (`user_id`, `username`, `password`, `user_email`, `user_name`, `user_surname`, `user_role`) VALUES
(1, 'admin', 'admin', 'admin@hotmail.com', 'admin', 'admin', 8),
(4, 'mayuree', 'mayuree', 'mayuree@hotmail.com', 'มยุรี', 'กตะศิลา', 2),
(5, 'rampung', 'rampung', 'rampung@hotmail.com', 'รำพึง', 'สุขช่วย', 2),
(6, 'chutima', 'rattanon', 'chutima@hotmail.com', 'ชุติมา', 'รัตนนท์', 2),
(7, 'warapon', 'tonyabut', 'warapon@hotmail.com', 'วราภรณ์', 'ตันญบุตร', 2),
(8, 'wanpen', 'rungsikul', 'wanpen@hotmail.com', 'วันเพ็ญ', 'รังสิกุล', 2),
(9, 'mintra', 'tongkorn', 'mintra@hotmail.com', 'มินตรา', 'ทองกรณ์', 2),
(10, 'phatchanee', 'pholaperg', 'phatchanee', 'พัชนี', 'พลเผือก', 2),
(14, 'supowwadee', 'boonpool', 'supowwadee@hotmail.com', 'สุภาวดี', 'บุญพูล', 2),
(15, 'arphichaya', 'phukasin', 'arphichaya@hotmail.com', 'อภิญญา', 'ภูคะสินธ์', 2),
(16, 'ืnutaaorn', 'pitpun', 'nataaorn@hotmail.com', 'ณัทอร', 'ผิดพันธ์', 2),
(17, 'sungwan', 'mernkrud', 'sungwan@hotmail.com', 'สังวาลย์', 'เหมือนกรุด', 2),
(18, 'poonsrup', 'kornkayan', 'poonsrup@hotmail.com', 'พูลทรัพย์', 'คนขยัน', 2),
(19, 'cholchanok', 'suttiarkan', 'cholchanok@hotmail.com', 'ชลชนก', 'สุทธิอาคาร', 2);

-- --------------------------------------------------------

--
-- Table structure for table `work_time`
--

CREATE TABLE `work_time` (
  `wt_id` int(10) NOT NULL,
  `wt_year` int(4) NOT NULL,
  `wt_term` int(1) NOT NULL,
  `t_id` int(4) NOT NULL,
  `class_id` int(4) NOT NULL
) ENGINE=InnoDB DEFAULT CHARSET=utf32 COLLATE=utf32_unicode_ci;

--
-- Dumping data for table `work_time`
--

INSERT INTO `work_time` (`wt_id`, `wt_year`, `wt_term`, `t_id`, `class_id`) VALUES
(2, 2559, 2, 2, 2),
(3, 2559, 2, 3, 3),
(4, 2559, 2, 4, 4),
(5, 2559, 2, 5, 5),
(6, 2559, 2, 6, 6),
(7, 2559, 2, 7, 7),
(8, 2559, 2, 8, 8),
(9, 2559, 2, 9, 9),
(10, 2559, 2, 10, 10),
(11, 2559, 2, 11, 11),
(12, 2559, 2, 12, 12),
(13, 2559, 2, 13, 13),
(15, 2559, 2, 14, 1),
(16, 2559, 2, 15, 1);

--
-- Indexes for dumped tables
--

--
-- Indexes for table `assessor`
--
ALTER TABLE `assessor`
  ADD PRIMARY KEY (`As_id`);

--
-- Indexes for table `classroom`
--
ALTER TABLE `classroom`
  ADD PRIMARY KEY (`class_id`);

--
-- Indexes for table `estimate_score`
--
ALTER TABLE `estimate_score`
  ADD PRIMARY KEY (`Ess_id`);

--
-- Indexes for table `estimate_time`
--
ALTER TABLE `estimate_time`
  ADD PRIMARY KEY (`Es_id`);

--
-- Indexes for table `score_group`
--
ALTER TABLE `score_group`
  ADD PRIMARY KEY (`Sg_id`);

--
-- Indexes for table `student`
--
ALTER TABLE `student`
  ADD PRIMARY KEY (`Std_no`);

--
-- Indexes for table `teacher`
--
ALTER TABLE `teacher`
  ADD PRIMARY KEY (`t_id`);

--
-- Indexes for table `term`
--
ALTER TABLE `term`
  ADD PRIMARY KEY (`Term_id`);

--
-- Indexes for table `user`
--
ALTER TABLE `user`
  ADD PRIMARY KEY (`user_id`);

--
-- Indexes for table `work_time`
--
ALTER TABLE `work_time`
  ADD PRIMARY KEY (`wt_id`);

--
-- AUTO_INCREMENT for dumped tables
--

--
-- AUTO_INCREMENT for table `assessor`
--
ALTER TABLE `assessor`
  MODIFY `As_id` int(5) NOT NULL AUTO_INCREMENT, AUTO_INCREMENT=5;
--
-- AUTO_INCREMENT for table `classroom`
--
ALTER TABLE `classroom`
  MODIFY `class_id` int(4) NOT NULL AUTO_INCREMENT, AUTO_INCREMENT=14;
--
-- AUTO_INCREMENT for table `estimate_score`
--
ALTER TABLE `estimate_score`
  MODIFY `Ess_id` int(7) NOT NULL AUTO_INCREMENT, AUTO_INCREMENT=37;
--
-- AUTO_INCREMENT for table `estimate_time`
--
ALTER TABLE `estimate_time`
  MODIFY `Es_id` int(5) NOT NULL AUTO_INCREMENT, AUTO_INCREMENT=5;
--
-- AUTO_INCREMENT for table `score_group`
--
ALTER TABLE `score_group`
  MODIFY `Sg_id` int(1) NOT NULL AUTO_INCREMENT, AUTO_INCREMENT=10;
--
-- AUTO_INCREMENT for table `student`
--
ALTER TABLE `student`
  MODIFY `Std_no` int(11) NOT NULL AUTO_INCREMENT, AUTO_INCREMENT=304;
--
-- AUTO_INCREMENT for table `teacher`
--
ALTER TABLE `teacher`
  MODIFY `t_id` int(4) NOT NULL AUTO_INCREMENT, AUTO_INCREMENT=16;
--
-- AUTO_INCREMENT for table `term`
--
ALTER TABLE `term`
  MODIFY `Term_id` int(5) NOT NULL AUTO_INCREMENT, AUTO_INCREMENT=304;
--
-- AUTO_INCREMENT for table `user`
--
ALTER TABLE `user`
  MODIFY `user_id` int(4) NOT NULL AUTO_INCREMENT, AUTO_INCREMENT=20;
--
-- AUTO_INCREMENT for table `work_time`
--
ALTER TABLE `work_time`
  MODIFY `wt_id` int(10) NOT NULL AUTO_INCREMENT, AUTO_INCREMENT=17;
/*!40101 SET CHARACTER_SET_CLIENT=@OLD_CHARACTER_SET_CLIENT */;
/*!40101 SET CHARACTER_SET_RESULTS=@OLD_CHARACTER_SET_RESULTS */;
/*!40101 SET COLLATION_CONNECTION=@OLD_COLLATION_CONNECTION */;
